{
	"format_version": "1.8.0",
	"animations": {
		"animation.abakan": {
			"loop": true,
			"bones": {
				"leftArm": {
					"rotation": [48.96676, 4.1659, -133.77374],
					"position": [-7.75, -4.5, 10.25],
					"scale": [1, 1.1, 1]
				},
				"rightArm": {
					"rotation": [90, 0, 177.5],
					"position": [6.75, 0.5, -5]
				},
				"gun": {
					"rotation": [90, 0, 90],
					"position": [0, -9.25, -7],
					"scale": 0.1
				},
				"root": {
					"position": [0, -1, 0]
				},
				"body": {
					"rotation": ["math.cos(q.anim_time * 190) / 16", 0, 0]
				}
			}
		},
		"animation.abakan_reload": {
			"loop": "hold_on_last_frame",
			"animation_length": 2.8333,
			"bones": {
				"leftArm": {
					"rotation": {
						"0.0": [48.96676, 4.1659, -133.77374],
						"0.25": [48.97, 4.17, -133.77],
						"0.3333": [48.97, 4.17, -133.77],
						"0.375": [47.47, 4.17, -133.77],
						"0.4583": [48.97, 4.17, -133.77],
						"0.9167": [183.97, 4.17, -133.77],
						"1.125": [183.97, 4.17, -133.77],
						"1.5833": [48.97, 4.17, -133.77],
						"1.6667": [47.97, 4.17, -133.77],
						"1.9167": [48.96676, 4.1659, -133.77374],
						"2.3333": [36.66945, 4.34441, -176.97863],
						"2.4167": [36.66945, 4.34441, -176.97863],
						"2.5417": [36.66945, 4.34441, -176.97863],
						"2.5833": [36.66945, 4.34441, -176.97863],
						"2.8333": [48.96676, 4.1659, -133.77374]
					},
					"position": {
						"0.0": [-7.75, -4.5, 10.25],
						"0.25": [-5.5, -3.75, 5.25],
						"0.2917": [-5.5, -3.75, 5.25],
						"1.7917": [-5.5, -3.75, 5.25],
						"1.9167": [-7.75, -4.5, 10.25],
						"2.3333": [0.25, -5, 9.25],
						"2.4167": [0.25, -5, 9.25],
						"2.5417": [0.25, -5, 4.75],
						"2.5833": [0.25, -5, 4.25],
						"2.7083": [-3.75, -9.75, 7.25],
						"2.8333": [-7.75, -4.5, 10.25]
					},
					"scale": [1, 1.1, 1]
				},
				"rightArm": {
					"rotation": {
						"0.0": [90, 0, 177.5],
						"0.25": [72.5, 0, 210],
						"1.9167": [72.5, 0, 210],
						"2.25": [90, 0, 177.5]
					},
					"position": {
						"0.0": [6.75, 0.5, -5],
						"0.25": [6.75, -1.5, -2],
						"1.9167": [6.75, -1.5, -2],
						"2.25": [6.75, 0.5, -5]
					}
				},
				"gun": {
					"rotation": [90, 0, 90],
					"position": [0, -9.25, -7],
					"scale": 0.1
				},
				"root": {
					"position": [0, -1, 0]
				},
				"glushka": {
					"position": {
						"2.4167": [0, 0, 0],
						"2.5417": [-42, 0, 0],
						"2.625": [0, 0, 0]
					}
				},
				"mag": {
					"rotation": {
						"0.375": [0, 0, -2.5],
						"0.4583": [0, 0, 0],
						"0.9167": [0, 0, 122.5],
						"1.125": [0, 0, 122.5],
						"1.5833": [0, 0, -2.5],
						"1.6667": [0, 0, 0]
					},
					"position": {
						"0.4583": [0, 0, 0],
						"0.5": {
							"pre": [24.36, -24.73, 3.55],
							"post": [24.36, -24.73, 3.55],
							"lerp_mode": "catmullrom"
						},
						"0.5417": {
							"post": [42.62, -49.46, 7.09],
							"lerp_mode": "catmullrom"
						},
						"0.5833": {
							"post": [56.77, -84.19, 10.64],
							"lerp_mode": "catmullrom"
						},
						"0.625": {
							"post": [61.55, -117.92, 14.18],
							"lerp_mode": "catmullrom"
						},
						"0.6667": {
							"post": [58.33, -151.65, 17.73],
							"lerp_mode": "catmullrom"
						},
						"0.7083": {
							"post": [50.27, -188.38, 21.28],
							"lerp_mode": "catmullrom"
						},
						"0.75": {
							"post": [27.22, -212.9, 29.82],
							"lerp_mode": "catmullrom"
						},
						"0.7917": {
							"post": [2.17, -237.67, 32.12],
							"lerp_mode": "catmullrom"
						},
						"0.8333": {
							"post": [-22.89, -255.11, 34.41],
							"lerp_mode": "catmullrom"
						},
						"0.875": {
							"post": [-47.94, -267.55, 36.71],
							"lerp_mode": "catmullrom"
						},
						"0.9167": [-73, -277, 39],
						"1.125": [-73, -277, 39],
						"1.1667": {
							"pre": [-47.94, -267.55, 36.71],
							"post": [-47.94, -267.55, 36.71],
							"lerp_mode": "catmullrom"
						},
						"1.2083": {
							"post": [-22.89, -255.11, 34.41],
							"lerp_mode": "catmullrom"
						},
						"1.25": {
							"post": [2.17, -237.67, 32.12],
							"lerp_mode": "catmullrom"
						},
						"1.2917": {
							"post": [27.22, -212.9, 29.82],
							"lerp_mode": "catmullrom"
						},
						"1.3333": {
							"post": [50.27, -188.38, 21.28],
							"lerp_mode": "catmullrom"
						},
						"1.375": {
							"post": [58.33, -151.65, 17.73],
							"lerp_mode": "catmullrom"
						},
						"1.4167": {
							"post": [61.55, -117.92, 14.18],
							"lerp_mode": "catmullrom"
						},
						"1.4583": {
							"post": [56.77, -84.19, 10.64],
							"lerp_mode": "catmullrom"
						},
						"1.5": {
							"post": [42.62, -49.46, 7.09],
							"lerp_mode": "catmullrom"
						},
						"1.5417": {
							"post": [24.36, -24.73, 3.55],
							"lerp_mode": "catmullrom"
						},
						"1.5833": [0, 0, 0]
					}
				},
				"body": {
					"rotation": ["Math.cos(q.anim_time * 190) * 1", 0, 0]
				}
			}
		},
		"animation.abakan_aim": {
			"loop": "hold_on_last_frame",
			"animation_length": 0.25,
			"bones": {
				"leftArm": {
					"rotation": {
						"0.0": [48.96676, 4.1659, -133.77374],
						"0.1667": [48.96676, 4.1659, -133.77374]
					},
					"position": {
						"0.0": [-7.75, -4.5, 10.25],
						"0.1667": [-9.75, -3.75, 9.25]
					},
					"scale": [1, 1.1, 1]
				},
				"rightArm": {
					"rotation": {
						"0.0": [90, 0, 177.5],
						"0.1667": [90, 0, 180]
					},
					"position": {
						"0.0": [6.75, 0.5, -5],
						"0.1667": [5, 1.2, -6]
					}
				},
				"gun": {
					"rotation": [90, 0, 90],
					"position": [0, -9.25, -7],
					"scale": 0.1
				},
				"root": {
					"position": [0, -1, 0]
				},
				"body": {
					"rotation": {
						"0.0": [0, 0, 0],
						"0.0417": [0, 0, -2.5],
						"0.1667": [0, 0, -2.5],
						"0.25": [0, 0, 0]
					}
				}
			}
		},
		"animation.abakan_shoot": {
			"loop": "hold_on_last_frame",
			"animation_length": 0.125,
			"bones": {
				"body": {
					"position": {
						"0.0": [0, 0, 0],
						"0.0417": [0, 0, -1],
						"0.125": [0, 0, 0]
					}
				},
				"glushka": {
					"position": {
						"0.0": [0, 0, 0],
						"0.0417": [-36, 0, 0],
						"0.0833": [0, 0, 0]
					}
				}
			}
		},
		"animation.abakan_draw": {
			"loop": "hold_on_last_frame",
			"animation_length": 0.5833,
			"bones": {
				"body": {
					"rotation": {
						"0.0": [-59.21303, -23.33702, 42.62647],
						"0.4167": [0, 0, 0],
						"0.5": [0, 0, 0],
						"0.5833": [0, 0, 0]
					},
					"position": {
						"0.4167": [0, 0, 0],
						"0.5": [-0.05, 0, -0.4],
						"0.5833": [0, 0, 0]
					}
				}
			}
		},
		"animation.weaponbig_sprint": {
			"loop": true,
			"bones": {
				"body": {
					"rotation": ["-8.11+(math.cos(q.anim_time * 600) * 4)", -45.40578, -8.11003],
					"position": [5, -3, 3]
				}
			}
		},
		"animation.weaponbig_sprint_stop": {
			"loop": "hold_on_last_frame",
			"animation_length": 0.25,
			"bones": {
				"body": {
					"rotation": {
						"0.0": [-8.11, -45.40578, -8.11003],
						"0.25": [0, 0, 0]
					},
					"position": {
						"0.0": [5, -3, 5],
						"0.25": [0, 0, 0]
					}
				}
			}
		},
		"animation.weaponbig_barrikada": {
			"loop": "hold_on_last_frame",
			"bones": {
				"body": {
					"rotation": [60, 0, 0],
					"position": [0, -11, 0]
				}
			}
		}
	}
}