{
	"format_version": "1.8.0",
	"animations": {
		"animation.abakan": {
			"loop": "hold_on_last_frame",
			"bones": {
				"leftArm": {
					"rotation": [36.34072, -14.39617, -164.29839],
					"position": [-4.25, -7.25, 10.75],
					"scale": [1, 1.1, 1]
				},
				"rightArm": {
					"rotation": [90, 0, 180],
					"position": [7, -0.5, -4]
				},
				"gun": {
					"rotation": [90, 0, 90],
					"position": [-1, -8.25, -7],
					"scale": [0.09, 0.1, 0.11]
				}
			}
		},
		"animation.abakan_aim": {
			"loop": "hold_on_last_frame",
			"bones": {
				"leftArm": {
					"rotation": [36.34072, -14.39617, -164.29839],
					"position": [-7.36, -6.51, 10.75],
					"scale": [1, 1.1, 1]
				},
				"rightArm": {
					"rotation": [90, 0, 180],
					"position": [4, 0, -4]
				},
				"gun": {
					"rotation": [90, 0, 90],
					"position": [-1, -8.25, -7],
					"scale": [0.09, 0.1, 0.11]
				}
			}
		},
		"animation.abakan_reload": {
			"loop": "hold_on_last_frame",
			"animation_length": 2.66667,
			"bones": {
				"leftArm": {
					"rotation": {
						"0.0": [36.34072, -14.39617, -164.29839],
						"0.4167": {
							"pre": [39.67519, 25.96778, -133.97208],
							"post": [39.67519, 25.96778, -133.97208],
							"lerp_mode": "catmullrom"
						},
						"0.8333": {
							"post": [124.67519, 25.96778, -133.97208],
							"lerp_mode": "catmullrom"
						},
						"0.9583": {
							"post": [124.67519, 25.96778, -133.97208],
							"lerp_mode": "catmullrom"
						},
						"1.375": {
							"post": [39.67519, 25.96778, -133.97208],
							"lerp_mode": "catmullrom"
						},
						"1.8333": {
							"post": [58.35632, 64.80324, -105.50903],
							"lerp_mode": "catmullrom"
						},
						"2.375": {
							"post": [58.35632, 64.80324, -105.50903],
							"lerp_mode": "catmullrom"
						},
						"2.625": [36.34072, -14.39617, -164.29839]
					},
					"position": {
						"0.0": [-4.25, -7.25, 10.75],
						"0.4167": {
							"pre": [-4.25, -5.25, 5.75],
							"post": [-4.25, -5.25, 5.75],
							"lerp_mode": "catmullrom"
						},
						"1.375": {
							"post": [-4.25, -5.25, 5.75],
							"lerp_mode": "catmullrom"
						},
						"1.8333": {
							"post": [-4.25, -5.25, 5.75],
							"lerp_mode": "catmullrom"
						},
						"2.0833": {
							"post": [-4.75, -3, 8.33],
							"lerp_mode": "catmullrom"
						},
						"2.375": {
							"post": [-4.75, -5.5, 4.75],
							"lerp_mode": "catmullrom"
						},
						"2.625": [-4.25, -7.25, 10.75]
					},
					"scale": [1, 1.1, 1]
				},
				"rightArm": {
					"rotation": {
						"0.0": [90, 0, 180],
						"0.2083": {
							"pre": [72.97957, 13.44069, 225.9773],
							"post": [72.97957, 13.44069, 225.9773],
							"lerp_mode": "catmullrom"
						},
						"1.5417": {
							"post": [72.97957, 13.44069, 225.9773],
							"lerp_mode": "catmullrom"
						},
						"1.875": {
							"post": [53.44547, 0.63567, 190.37654],
							"lerp_mode": "catmullrom"
						},
						"2.3333": {
							"post": [53.44547, 0.63567, 190.37654],
							"lerp_mode": "catmullrom"
						},
						"2.6667": [90, 0, 180]
					},
					"position": {
						"0.0": [7, -0.5, -4],
						"0.2083": {
							"pre": [7, -1.5, -2],
							"post": [7, -1.5, -2],
							"lerp_mode": "catmullrom"
						},
						"1.5417": {
							"post": [7, -1.5, -2],
							"lerp_mode": "catmullrom"
						},
						"1.875": {
							"post": [7, -6.5, -2],
							"lerp_mode": "catmullrom"
						},
						"2.3333": {
							"post": [7, -6.5, -2],
							"lerp_mode": "catmullrom"
						},
						"2.6667": [7, -0.5, -4]
					}
				},
				"gun": {
					"rotation": [90, 0, 90],
					"position": [-1, -8.25, -7],
					"scale": [0.09, 0.1, 0.11]
				},
				"glushka": {
					"rotation": {
						"2.0833": {
							"pre": [0, 0, 0],
							"post": [0, 0, 0],
							"lerp_mode": "catmullrom"
						}
					},
					"position": {
						"2.0833": {
							"pre": [0, 0, 0],
							"post": [0, 0, 0],
							"lerp_mode": "catmullrom"
						},
						"2.375": {
							"post": [-49, 0, 0],
							"lerp_mode": "catmullrom"
						},
						"2.5": [0, 0, 0]
					}
				},
				"mag": {
					"rotation": {
						"0.0": [0, 0, 0],
						"0.4167": {
							"pre": [0, 0, 0],
							"post": [0, 0, 0],
							"lerp_mode": "catmullrom"
						},
						"0.5": {
							"post": [0, 0, -2.5],
							"lerp_mode": "catmullrom"
						},
						"0.5833": {
							"post": [0, 0, 6.25],
							"lerp_mode": "catmullrom"
						},
						"0.8333": {
							"post": [0, 0, 62.5],
							"lerp_mode": "catmullrom"
						},
						"0.9583": {
							"post": [0, 0, 62.5],
							"lerp_mode": "catmullrom"
						},
						"1.2083": {
							"post": [0, 0, 6.25],
							"lerp_mode": "catmullrom"
						},
						"1.2917": {
							"post": [0, 0, -2.5],
							"lerp_mode": "catmullrom"
						},
						"1.375": {
							"post": [0, 0, 0],
							"lerp_mode": "catmullrom"
						}
					},
					"position": {
						"0.0": [0, 0, 0],
						"0.4167": {
							"pre": [0, 0, 0],
							"post": [0, 0, 0],
							"lerp_mode": "catmullrom"
						},
						"0.5": {
							"post": [1.85, -23, 0],
							"lerp_mode": "catmullrom"
						},
						"0.5833": {
							"post": [20.35875, -49.75, 0],
							"lerp_mode": "catmullrom"
						},
						"0.625": {
							"post": [32.1, -68.75, 0],
							"lerp_mode": "catmullrom"
						},
						"0.6667": {
							"post": [44.34, -90.75, 0],
							"lerp_mode": "catmullrom"
						},
						"0.7083": {
							"post": [47.63, -116.58, 0],
							"lerp_mode": "catmullrom"
						},
						"0.8333": {
							"post": [38, -179, 0],
							"lerp_mode": "catmullrom"
						},
						"0.9583": {
							"post": [38, -179, 0],
							"lerp_mode": "catmullrom"
						},
						"1.0833": {
							"post": [47.63, -116.58, 0],
							"lerp_mode": "catmullrom"
						},
						"1.125": {
							"post": [44.34, -90.75, 0],
							"lerp_mode": "catmullrom"
						},
						"1.1667": {
							"post": [32.1, -68.75, 0],
							"lerp_mode": "catmullrom"
						},
						"1.2083": {
							"post": [20.35875, -49.75, 0],
							"lerp_mode": "catmullrom"
						},
						"1.2917": {
							"post": [1.85, -23, 0],
							"lerp_mode": "catmullrom"
						},
						"1.375": {
							"post": [0, 0, 0],
							"lerp_mode": "catmullrom"
						}
					},
					"scale": 1
				}
			},
			"sound_effects": {
				"0.4167": {
					"effect": "abakan_reload"
				}
			}
		},
		"animation.abakan_shoot": {
			"loop": "hold_on_last_frame",
			"animation_length": 0.125,
			"bones": {
				"body": {
					"position": {
						"0.0": [0, 0, 0],
						"0.0417": [0, 0, -1],
						"0.125": [0, 0, 0]
					}
				},
				"glushka": {
					"position": {
						"0.0": [0, 0, 0],
						"0.0417": [-36, 0, 0],
						"0.0833": [0, 0, 0]
					}
				}
			}
		}
	}
}