{
	"format_version": "1.8.0",
	"animations": {
		"animation.akm74": {
			"loop": true,
			"bones": {
				"root": {
					"position": [0, -1, 0]
				},
				"body": {
					"rotation": ["math.cos(q.anim_time * 190) / 16", 0, 0]
				},
				"leftArm": {
					"rotation": [56.46676, 4.1659, -133.77374],
					"position": [-6.25, -4, 11.5],
					"scale": [1, 1.1, 1]
				},
				"rightArm": {
					"rotation": [90, 0, 179],
					"position": [7.75, -0.075, -1.5]
				},
				"gun": {
					"rotation": [90, 0, 90],
					"position": [0, -9.25, -7],
					"scale": [0.1, 0.1, 0.108]
				}
			}
		},
		"animation.akm74_reload": {
			"loop": "hold_on_last_frame",
			"animation_length": 2.3333,
			"bones": {
				"root": {
					"position": [0, -1, 0]
				},
				"body": {
					"rotation": ["math.cos(q.anim_time * 190) / 16", 0, 0]
				},
				"leftArm": {
					"rotation": {
						"0.0": [56.46676, 4.1659, -133.77374],
						"0.2083": [44.12543, -28.96095, -134.90159],
						"0.3333": [44.12543, -28.96095, -134.90159],
						"0.4167": [44.12543, -28.96095, -134.90159],
						"0.75": [44.12543, -28.96095, -134.90159],
						"1.0417": [44.12543, -28.96095, -134.90159],
						"1.3333": [44.12543, -28.96095, -134.90159],
						"1.4167": [44.12543, -28.96095, -134.90159],
						"1.5833": [44.12543, -28.96095, -134.90159],
						"1.8333": [8.63802, -7.34377, -175.78246],
						"1.9583": [8.63802, -7.34377, -175.78246],
						"2.0833": [8.63802, -7.34377, -175.78246],
						"2.3333": [56.46676, 4.1659, -133.77374]
					},
					"position": {
						"0.0": [-6.25, -4, 11.5],
						"0.2083": [-8.25, -1.75, 5],
						"0.3333": [-8.25, -1.75, 5.5],
						"0.4167": [-8.25, -1.75, 5.5],
						"0.75": [-8.25, -17.79, 9.45],
						"1.0417": [-8.25, -17.79, 9.45],
						"1.3333": [-8.25, -1.75, 5.5],
						"1.4167": [-8.25, -1.75, 5.5],
						"1.5833": [-8.25, -1.75, 5],
						"1.7083": [-3.75, -8.37, 6.75],
						"1.8333": [0.75, -7, 14.5],
						"1.9583": [0.75, -7, 9.5],
						"2.0833": [0.75, -7, 14.5],
						"2.25": [-2.75, -8.5, 13],
						"2.3333": [-6.25, -4, 11.5]
					},
					"scale": [1, 1.1, 1]
				},
				"rightArm": {
					"rotation": {
						"0.0": [90, 0, 179],
						"0.2083": [70, 0, 179],
						"1.5417": [70, 0, 179],
						"1.75": [90, 0, 179]
					},
					"position": {
						"0.0": [7.75, -0.075, -1.5],
						"0.2083": [8.75, -2.08, -2.5],
						"1.5417": [8.75, -2.08, -2.5],
						"1.75": [7.75, -0.075, -1.5]
					}
				},
				"gun": {
					"rotation": [90, 0, 90],
					"position": [0, -9.25, -7],
					"scale": [0.1, 0.1, 0.108]
				},
				"mag": {
					"rotation": {
						"0.2083": [0, 0, 0],
						"0.3333": [0, 0, -12.5],
						"0.4167": [0, 0, -12.5],
						"1.3333": [0, 0, -12.5],
						"1.4167": [0, 0, -12.5],
						"1.5833": [0, 0, 0]
					},
					"position": {
						"0.2083": [0, 0, 0],
						"0.4167": [0, 0, 0],
						"0.75": [0, -171, 0],
						"1.0417": [0, -171, 0],
						"1.3333": [0, 0, 0],
						"1.5833": [0, 0, 0]
					}
				}
			}
		},
		"animation.akm74_aim": {
			"loop": "hold_on_last_frame",
			"bones": {
				"root": {
					"position": [0, -1, 0]
				},
				"leftArm": {
					"rotation": [48.96676, 4.1659, -133.77374],
					"position": [-9.75, -3.75, 10.25],
					"scale": [1, 1.1, 1]
				},
				"rightArm": {
					"rotation": [90, 0, 180],
					"position": [5, 0.55, -5]
				},
				"gun": {
					"rotation": [90, 0, 90],
					"position": [0, -9.25, -7],
					"scale": 0.1
				}
			}
		},
		"animation.akm74_shoot": {
			"loop": "hold_on_last_frame",
			"animation_length": 0.125,
			"bones": {
				"body": {
					"position": {
						"0.0": [0, 0, 0],
						"0.0417": [0, 0, -2],
						"0.125": [0, 0, 0]
					}
				},
				"glushka": {
					"position": {
						"0.0": [0, 0, 0],
						"0.0417": [-29, 0, 0],
						"0.125": [0, 0, 0]
					}
				}
			},
			"sound_effects": {
				"0.0": {
					"effect": "akm74_shoot"
				}
			}
		},
		"animation.akm74_draw": {
			"loop": "hold_on_last_frame",
			"animation_length": 0.5833,
			"bones": {
				"body": {
					"rotation": {
						"0.0": [-59.21303, -23.33702, 42.62647],
						"0.4167": [0, 0, 0],
						"0.5": [0, 0, 0],
						"0.5833": [0, 0, 0]
					},
					"position": {
						"0.4167": [0, 0, 0],
						"0.5": [-0.05, 0, -0.4],
						"0.5833": [0, 0, 0]
					}
				}
			}
		}
	}
}