{
	"format_version": "1.8.0",
	"animations": {
		"animation.bm16": {
			"loop": "hold_on_last_frame",
			"bones": {
				"leftArm": {
					"rotation": [67.94834, -21.37079, -161.39835],
					"position": [-5.25, -2.75, 6]
				},
				"rightArm": {
					"rotation": [90, 0, 180],
					"position": [7, -0.5, -4]
				},
				"gun": {
					"rotation": [90, 0, 90],
					"position": [-1, -8.25, -7],
					"scale": [0.09, 0.1, 0.11]
				}
			}
		},
		"animation.bm16_aim": {
			"loop": "hold_on_last_frame",
			"bones": {
				"leftArm": {
					"rotation": [53.84072, -14.39617, -164.29839],
					"position": [-7.36, -3.01, 4.5],
					"scale": [1, 1.1, 1]
				},
				"rightArm": {
					"rotation": [90, 0, 180],
					"position": [4, 1.75, -5]
				},
				"gun": {
					"rotation": [90, 0, 90],
					"position": [-1, -8.25, -7],
					"scale": [0.09, 0.1, 0.11]
				}
			}
		},
		"animation.bm16_reload": {
			"loop": "hold_on_last_frame",
			"animation_length": 2.29167,
			"bones": {
				"leftArm": {
					"rotation": {
						"0.0": [67.94834, -21.37079, -161.39835],
						"1.1667": [67.95, -21.37, -161.4],
						"1.25": [65.45, -21.37, -161.4],
						"1.3333": [67.95, -21.37, -161.4],
						"1.7083": [67.95, -21.37, -161.4],
						"1.7917": [65.45, -21.37, -161.4],
						"1.875": [67.95, -21.37, -161.4]
					},
					"position": {
						"0.0": [-5.25, -2.75, 6],
						"0.2917": [-5.92, -0.95, 0.6],
						"0.4167": [-6, -0.75, 0],
						"2.0417": [-6, -0.75, 0],
						"2.2917": [-5.25, -2.75, 6]
					}
				},
				"rightArm": {
					"rotation": [90, 0, 180],
					"position": {
						"0.0": [7, -0.5, -4],
						"0.2917": [7, -0.5, -3],
						"2.0417": [7, -0.5, -3],
						"2.2917": [7, -0.5, -4]
					}
				},
				"gun": {
					"rotation": [90, 0, 90],
					"position": [-1, -8.25, -7],
					"scale": [0.09, 0.1, 0.11]
				}
			},
			"sound_effects": {
				"0.0": {
					"effect": "toz34_reload"
				}
			}
		},
		"animation.bm16_shoot": {
			"loop": "hold_on_last_frame",
			"animation_length": 0.25,
			"bones": {
				"body": {
					"rotation": {
						"0.0": [0, 0, 0],
						"0.125": {
							"pre": [10, 0, 0],
							"post": [10, 0, 0],
							"lerp_mode": "catmullrom"
						},
						"0.25": [0, 0, 0]
					},
					"position": [0, 0, 0]
				}
			}
		}
	}
}