{
	"format_version": "1.8.0",
	"animations": {
		"animation.gauss": {
			"loop": true,
			"bones": {
				"leftArm": {
					"rotation": [36.34072, -14.39617, -164.29839],
					"position": [-4.25, -7.25, 10.75],
					"scale": [1, 1.1, 1]
				},
				"rightArm": {
					"rotation": [90, 0, 180],
					"position": [7, -0.5, -4]
				},
				"gun": {
					"rotation": [90, 0, 90],
					"position": [-1, -8.25, -7],
					"scale": [0.09, 0.1, 0.11]
				}
			}
		},
		"animation.gauss_aim": {
			"loop": true,
			"bones": {
				"leftArm": {
					"rotation": [36.34072, -14.39617, -164.29839],
					"position": [-7.36, -6.51, 10.75],
					"scale": [1, 1.1, 1]
				},
				"rightArm": {
					"rotation": [90, 0, 180],
					"position": [4, 0.25, -4]
				},
				"gun": {
					"rotation": [90, 0, 90],
					"position": [-1, -8.25, -7],
					"scale": [0.09, 0.1, 0.11]
				}
			}
		},
		"animation.gauss_reload": {
			"loop": "hold_on_last_frame",
			"animation_length": 3,
			"bones": {
				"leftArm": {
					"rotation": {
						"0.0": [36.34072, -14.39617, -164.29839],
						"0.4583": {
							"pre": [53.52572, -17.24014, -133.04086],
							"post": [53.52572, -17.24014, -133.04086],
							"lerp_mode": "catmullrom"
						},
						"0.7917": {
							"post": [93.52572, -17.24014, -133.04086],
							"lerp_mode": "catmullrom"
						},
						"1.4167": {
							"post": [93.52572, -17.24014, -133.04086],
							"lerp_mode": "catmullrom"
						},
						"1.7083": {
							"post": [53.52572, -17.24014, -133.04086],
							"lerp_mode": "catmullrom"
						},
						"1.9167": {
							"post": [86.02572, -17.24014, -133.04086],
							"lerp_mode": "catmullrom"
						},
						"2.0833": {
							"post": [53.52572, -17.24014, -133.04086],
							"lerp_mode": "catmullrom"
						},
						"2.7083": {
							"post": [53.52572, -17.24014, -133.04086],
							"lerp_mode": "catmullrom"
						},
						"3.0": [36.34072, -14.39617, -164.29839]
					},
					"position": {
						"0.0": [-4.25, -7.25, 10.75],
						"0.4583": {
							"pre": [-8.25, -2.25, 1.75],
							"post": [-8.25, -2.25, 1.75],
							"lerp_mode": "catmullrom"
						},
						"1.7083": {
							"post": [-8.25, -2.25, 1.75],
							"lerp_mode": "catmullrom"
						},
						"2.7083": {
							"post": [-8.25, -2.25, 1.75],
							"lerp_mode": "catmullrom"
						},
						"3.0": [-4.25, -7.25, 10.75]
					},
					"scale": {
						"0.0": [1, 1.1, 1],
						"3.0": [1, 1.1, 1]
					}
				},
				"rightArm": {
					"rotation": {
						"0.0": [90, 0, 180],
						"0.5": {
							"pre": [73.00433, 10.35893, 216.17641],
							"post": [73.00433, 10.35893, 216.17641],
							"lerp_mode": "catmullrom"
						},
						"1.7083": {
							"post": [73.00433, 10.35893, 216.17641],
							"lerp_mode": "catmullrom"
						},
						"2.7917": {
							"post": [73.00433, 10.35893, 216.17641],
							"lerp_mode": "catmullrom"
						},
						"3.0": [90, 0, 180]
					},
					"position": {
						"0.0": [7, -0.5, -4],
						"0.5": {
							"pre": [7, -1.5, -4],
							"post": [7, -1.5, -4],
							"lerp_mode": "catmullrom"
						},
						"1.7083": {
							"post": [7, -1.5, -4],
							"lerp_mode": "catmullrom"
						},
						"2.7917": {
							"post": [7, -1.5, -4],
							"lerp_mode": "catmullrom"
						},
						"3.0": [7, -0.5, -4]
					}
				},
				"gun": {
					"rotation": [90, 0, 90],
					"position": [-1, -8.25, -7],
					"scale": [0.09, 0.1, 0.11]
				},
				"mag": {
					"rotation": {
						"0.0": [0, 0, 0],
						"0.4583": {
							"pre": [0, 0, 0],
							"post": [0, 0, 0],
							"lerp_mode": "catmullrom"
						},
						"0.7917": {
							"post": [12.09155, 22.23383, 20.6691],
							"lerp_mode": "catmullrom"
						},
						"1.4167": {
							"post": [12.09155, 22.23383, 20.6691],
							"lerp_mode": "catmullrom"
						},
						"1.7083": {
							"post": [0, 0, 0],
							"lerp_mode": "catmullrom"
						}
					},
					"position": {
						"0.0": [0, 0, 0],
						"0.4583": {
							"pre": [0, 0, 0],
							"post": [0, 0, 0],
							"lerp_mode": "catmullrom"
						},
						"0.7917": {
							"post": [17, -86, -20],
							"lerp_mode": "catmullrom"
						},
						"1.4167": {
							"post": [17, -86, -20],
							"lerp_mode": "catmullrom"
						},
						"1.7083": {
							"post": [0, 0, 0],
							"lerp_mode": "catmullrom"
						}
					}
				}
			},
			"sound_effects": {
				"0.0": {
					"effect": "gauss_reload"
				}
			}
		},
		"animation.gauss_shoot": {
			"loop": "hold_on_last_frame",
			"animation_length": 0.125,
			"bones": {
				"body": {
					"position": {
						"0.0": [0, 0, 0],
						"0.0417": [0, 0, -1],
						"0.125": [0, 0, 0]
					}
				}
			}
		}
	}
}