{
	"format_version": "1.8.0",
	"animations": {
		"animation.groza": {
			"loop": "hold_on_last_frame",
			"bones": {
				"leftArm": {
					"rotation": [63.84072, -14.39617, -164.29839],
					"position": [-4.75, -5, 8.25],
					"scale": [1, 1.1, 1]
				},
				"rightArm": {
					"rotation": [90, 0, 180],
					"position": [7, -0.25, 1]
				},
				"gun": {
					"rotation": [90, 0, 90],
					"position": [-1, -6.5, -5.75],
					"scale": 0.08
				}
			}
		},
		"animation.groza_aim": {
			"loop": "hold_on_last_frame",
			"bones": {
				"leftArm": {
					"rotation": [62.6163, -2.16341, -173.0888],
					"position": [-5.36, -7.26, 7.75],
					"scale": [1, 1.1, 1]
				},
				"rightArm": {
					"rotation": [90, 0, 180],
					"position": [4, -1.9375, -0.5]
				},
				"gun": {
					"rotation": [90, 1.5, 90],
					"position": [-1, -6.75, -6],
					"scale": 0.09
				}
			}
		},
		"animation.groza_reload": {
			"loop": "hold_on_last_frame",
			"animation_length": 2.6667,
			"bones": {
				"leftArm": {
					"rotation": {
						"0.0": [63.84072, -14.39617, -164.29839],
						"0.3333": [34.10292, -9.51035, -142.8651],
						"0.375": [34.10292, -9.51035, -142.8651],
						"0.6667": [131.60292, -9.51035, -142.8651],
						"0.7917": [131.60292, -9.51035, -142.8651],
						"1.0833": [34.10292, -9.51035, -142.8651],
						"1.9583": [34.10292, -9.51035, -142.8651],
						"2.4167": [34.10292, -9.51035, -142.8651],
						"2.625": [63.84072, -14.39617, -164.29839]
					},
					"position": {
						"0.0": [-4.75, -5, 8.25],
						"0.3333": [-5.75, -5, 1.25],
						"1.9583": [-5.75, -5, 1.25],
						"2.0833": [-7.75, -2, 4.5],
						"2.3333": [-7.75, -2, 1],
						"2.4167": [-7.75, -2, 1],
						"2.625": [-4.75, -5, 8.25]
					},
					"scale": [1, 1.1, 1]
				},
				"rightArm": {
					"rotation": {
						"0.0": [90, 0, 180],
						"0.2083": [77.04579, 0.89512, 212.42456],
						"1.125": [77.04579, 0.89512, 212.42456],
						"1.375": [83.18424, 10.53216, 195.36559],
						"2.5": [83.18424, 10.53216, 195.36559],
						"2.6667": [90, 0, 180]
					},
					"position": {
						"0.0": [7, -0.25, 1],
						"0.2083": [9, 0.75, 6],
						"1.125": [9, 0.75, 6],
						"1.375": [10, 0.75, 6],
						"2.5": [10, 0.75, 6],
						"2.6667": [7, -0.25, 1]
					}
				},
				"gun": {
					"rotation": {
						"0.0": [90, 0, 90],
						"0.2083": [90, 0, 100],
						"2.5": [90, 0, 100],
						"2.6667": [90, 0, 90]
					},
					"position": [-1, -6.5, -5.75],
					"scale": 0.08
				},
				"glushka": {
					"position": {
						"2.0417": [0, 0, 0],
						"2.0833": [0, 0, 0],
						"2.3333": [-38, 0, 0],
						"2.4167": [-38, 0, 0],
						"2.5": [0, 0, 0]
					}
				},
				"mag": {
					"rotation": {
						"0.375": [0, 0, 0],
						"0.4167": [0, 0, -23.93],
						"0.6667": [0, 0, 60],
						"0.7917": [0, 0, 60],
						"1.0417": [0, 0, -23.93],
						"1.0833": [0, 0, 0]
					},
					"position": {
						"0.375": [0, 0, 0],
						"0.4167": [-37.43, 39.43, 6],
						"0.4583": [-1.36, -22.81, 5],
						"0.5": [24.71, -82.25, 4],
						"0.5417": [35.78, -149.69, 3],
						"0.5833": [29.52, -218.13, 2],
						"0.6667": [-31, -343, 0],
						"0.7917": [-31, -343, 0],
						"0.875": [29.52, -218.13, 2],
						"0.9167": [35.78, -149.69, 3],
						"0.9583": [24.71, -82.25, 4],
						"1.0": [-1.36, -22.81, 5],
						"1.0417": [-37.43, 39.43, 6],
						"1.0833": [0, 0, 0]
					}
				}
			},
			"sound_effects": {
				"0.0": {
					"effect": "groza_reload"
				}
			}
		},
		"animation.groza_shoot": {
			"loop": "hold_on_last_frame",
			"animation_length": 0.125,
			"bones": {
				"body": {
					"position": {
						"0.0": [0, 0, 0],
						"0.0417": [0, 0, -1],
						"0.125": [0, 0, 0]
					}
				},
				"glushka": {
					"position": {
						"0.0": [0, 0, 0],
						"0.0417": [-32.5, 0.75, 0],
						"0.125": [0, 0, 0]
					}
				}
			}
		}
	}
}