{
	"format_version": "1.8.0",
	"animations": {
		"animation.prot": {
			"loop": "hold_on_last_frame",
			"bones": {
				"leftArm": {
					"rotation": [55.49398, -21.52846, -153.4962],
					"position": [-6, -5.25, 8],
					"scale": [1, 1.1, 1]
				},
				"rightArm": {
					"rotation": [90, 0, 180],
					"position": [7, -0.5, -4]
				},
				"gun": {
					"rotation": [90, 0, 90],
					"position": [-1, -8.25, -7],
					"scale": [0.09, 0.1, 0.11]
				}
			}
		},
		"animation.prot_aim": {
			"loop": "hold_on_last_frame",
			"bones": {
				"leftArm": {
					"rotation": [36.34072, -14.39617, -164.29839],
					"position": [-7.36, -6.76, 10.75],
					"scale": [1, 1.1, 1]
				},
				"rightArm": {
					"rotation": [90, 0, 180],
					"position": [4, 0.75, -4]
				},
				"gun": {
					"rotation": [90, 0, 90],
					"position": [-1, -8.25, -7],
					"scale": [0.09, 0.1, 0.11]
				}
			}
		},
		"animation.prot_reload": {
			"loop": "hold_on_last_frame",
			"animation_length": 5.83333,
			"override_previous_animation": true,
			"bones": {
				"leftArm": {
					"rotation": {
						"0.0": [55.49398, -21.52846, -153.4962],
						"0.5417": [55.49398, -21.52846, -153.4962],
						"0.6667": [62.99398, -21.52846, -153.4962],
						"0.7917": [55.49398, -21.52846, -153.4962],
						"1.0833": [55.49398, -21.52846, -153.4962],
						"1.2083": [62.99398, -21.52846, -153.4962],
						"1.3333": [55.49398, -21.52846, -153.4962],
						"1.5": [55.49398, -21.52846, -153.4962],
						"1.625": [62.99398, -21.52846, -153.4962],
						"1.75": [55.49398, -21.52846, -153.4962],
						"1.9167": [55.49398, -21.52846, -153.4962],
						"2.0417": [62.99398, -21.52846, -153.4962],
						"2.1667": [55.49398, -21.52846, -153.4962],
						"2.3333": [55.49398, -21.52846, -153.4962],
						"2.4583": [62.99398, -21.52846, -153.4962],
						"2.5833": [55.49398, -21.52846, -153.4962],
						"2.75": [55.49398, -21.52846, -153.4962],
						"2.875": [62.99398, -21.52846, -153.4962],
						"3.0": [55.49398, -21.52846, -153.4962],
						"3.1667": [55.49398, -21.52846, -153.4962],
						"3.2917": [62.99398, -21.52846, -153.4962],
						"3.4167": [55.49398, -21.52846, -153.4962],
						"3.5833": [55.49398, -21.52846, -153.4962],
						"3.7083": [62.99398, -21.52846, -153.4962],
						"3.8333": [55.49398, -21.52846, -153.4962],
						"4.0": [55.49398, -21.52846, -153.4962],
						"4.125": [62.99398, -21.52846, -153.4962],
						"4.25": [55.49398, -21.52846, -153.4962],
						"4.4167": [55.49398, -21.52846, -153.4962],
						"4.5417": [62.99398, -21.52846, -153.4962],
						"4.6667": [55.49398, -21.52846, -153.4962],
						"4.8333": [55.49398, -21.52846, -153.4962],
						"4.9583": [62.99398, -21.52846, -153.4962],
						"5.0833": [55.49398, -21.52846, -153.4962],
						"5.25": [55.49398, -21.52846, -153.4962],
						"5.375": [62.99398, -21.52846, -153.4962],
						"5.5": [55.49398, -21.52846, -153.4962],
						"5.8333": [55.49398, -21.52846, -153.4962]
					},
					"position": {
						"0.0": [-6, -5.25, 8],
						"0.4583": [-9, -5.25, 1],
						"5.625": [-9, -5.25, 1],
						"5.8333": [-6, -5.25, 8]
					},
					"scale": [1, 1.1, 1]
				},
				"rightArm": {
					"rotation": {
						"0.0": [90, 0, 180],
						"0.4583": [97.5, 0, 180],
						"5.625": [97.5, 0, 180],
						"5.8333": [90, 0, 180]
					},
					"position": {
						"0.0": [7, -0.5, -4],
						"0.4583": [7, 0.5, -2],
						"5.625": [7, 0.5, -2],
						"5.8333": [7, -0.5, -4]
					}
				},
				"gun": {
					"rotation": [90, 0, 90],
					"position": [-1, -8.25, -7],
					"scale": [0.09, 0.1, 0.11]
				}
			},
			"sound_effects": {
				"0.0": {
					"effect": "prot_bullet"
				},
				"0.4583": {
					"effect": "prot_bullet"
				},
				"0.875": {
					"effect": "prot_bullet"
				},
				"1.2917": {
					"effect": "prot_bullet"
				},
				"1.7083": {
					"effect": "prot_bullet"
				},
				"2.125": {
					"effect": "prot_bullet"
				},
				"2.5417": {
					"effect": "prot_bullet"
				},
				"2.9583": {
					"effect": "prot_bullet"
				},
				"3.375": {
					"effect": "prot_bullet"
				},
				"3.7917": {
					"effect": "prot_bullet"
				},
				"4.2083": {
					"effect": "prot_bullet"
				},
				"4.625": {
					"effect": "prot_bullet"
				}
			}
		},
		"animation.prot_shoot": {
			"loop": "hold_on_last_frame",
			"animation_length": 0.20833,
			"bones": {
				"body": {
					"rotation": {
						"0.0": [0, 0, 0],
						"0.0417": [10, 0, 0],
						"0.2083": [0, 0, 0]
					},
					"position": {
						"0.0": [0, 0, 0],
						"0.0417": [0, 0, -2],
						"0.2083": [0, 0, 0]
					}
				}
			}
		}
	}
}