{
	"format_version": "1.8.0",
	"animations": {
		"animation.spas": {
			"loop": "hold_on_last_frame",
			"bones": {
				"leftArm": {
					"rotation": [36.34072, -14.39617, -164.29839],
					"position": [-4.25, -7.25, 10.75],
					"scale": [1, 1.1, 1]
				},
				"rightArm": {
					"rotation": [90, 0, 180],
					"position": [7, -0.5, -4]
				},
				"gun": {
					"rotation": [90, 0, 90],
					"position": [-1, -8.25, -7],
					"scale": [0.09, 0.1, 0.11]
				}
			}
		},
		"animation.spas_aim": {
			"loop": "hold_on_last_frame",
			"bones": {
				"leftArm": {
					"rotation": [66.82835, -12.90598, -166.36414],
					"position": [-7.36, -2.51, 6.75],
					"scale": [1, 1.1, 1]
				},
				"rightArm": {
					"rotation": [90, 0, 180],
					"position": [4, 1, -6]
				},
				"gun": {
					"rotation": [90, 0, 90],
					"position": [-1, -8.25, -7],
					"scale": [0.09, 0.1, 0.11]
				}
			}
		},
		"animation.spas_reload": {
			"loop": "hold_on_last_frame",
			"animation_length": 4.16667,
			"override_previous_animation": true,
			"bones": {
				"leftArm": {
					"rotation": [36.34072, -14.39617, -164.29839],
					"position": {
						"0.0": [-4.25, -7.25, 10.75],
						"0.25": [-4.25, -6.25, 14.75],
						"0.5417": [-4.25, -8.25, 8.75],
						"0.6667": [-4.25, -7.25, 8.75],
						"0.75": [-4.25, -8.25, 8.75],
						"1.0417": [-4.25, -8.25, 8.75],
						"1.1667": [-4.25, -7.25, 8.75],
						"1.25": [-4.25, -8.25, 8.75],
						"1.6667": [-4.25, -8.25, 8.75],
						"1.7917": [-4.25, -7.25, 8.75],
						"1.875": [-4.25, -8.25, 8.75],
						"2.0833": [-4.25, -8.25, 8.75],
						"2.2083": [-4.25, -7.25, 8.75],
						"2.2917": [-4.25, -8.25, 8.75],
						"2.5": [-4.25, -8.25, 8.75],
						"2.625": [-4.25, -7.25, 8.75],
						"2.7083": [-4.25, -8.25, 8.75],
						"2.9167": [-4.25, -8.25, 8.75],
						"3.0417": [-4.25, -7.25, 8.75],
						"3.125": [-4.25, -8.25, 8.75],
						"3.375": [-4.25, -8.25, 8.75],
						"3.5": [-4.25, -7.25, 8.75],
						"3.5833": [-4.25, -8.25, 8.75],
						"3.7917": [-4.25, -8.25, 8.75],
						"3.9167": [-4.25, -7.25, 8.75],
						"4.0": [-4.25, -8.25, 8.75],
						"4.1667": [-4.25, -7.25, 10.75]
					},
					"scale": [1, 1.1, 1]
				},
				"rightArm": {
					"rotation": {
						"0.0": [90, 0, 180],
						"0.25": [77.5, 0, 180],
						"3.9583": [77.5, 0, 180],
						"4.1667": [90, 0, 180]
					},
					"position": {
						"0.0": [7, -0.5, -4],
						"0.25": [7, -3.5, -1],
						"3.9583": [7, -3.5, -1],
						"4.1667": [7, -0.5, -4]
					}
				},
				"gun": {
					"rotation": [90, 0, 90],
					"position": [-1, -8.25, -7],
					"scale": [0.09, 0.1, 0.11]
				}
			},
			"sound_effects": {
				"0.0": {
					"effect": "spas_bullet"
				},
				"0.4583": {
					"effect": "spas_bullet"
				},
				"0.9167": {
					"effect": "spas_bullet"
				},
				"1.375": {
					"effect": "spas_bullet"
				},
				"1.7917": {
					"effect": "spas_bullet"
				},
				"2.2083": {
					"effect": "spas_bullet"
				},
				"2.625": {
					"effect": "spas_bullet"
				},
				"3.0417": {
					"effect": "spas_bullet"
				}
			}
		},
		"animation.spas_shoot": {
			"loop": "hold_on_last_frame",
			"animation_length": 0.70833,
			"bones": {
				"body": {
					"rotation": {
						"0.0": [0, 0, 0],
						"0.0417": [5, 0, 0],
						"0.1667": [0, 0, 0]
					},
					"position": {
						"0.0": [0, 0, 0],
						"0.0417": [0, 0, -1],
						"0.1667": [0, 0, 0]
					}
				},
				"leftArm": {
					"position": {
						"0.4583": {
							"pre": [0, 0, 0],
							"post": [0, 0, 0],
							"lerp_mode": "catmullrom"
						},
						"0.5417": {
							"post": [0, 0, -2],
							"lerp_mode": "catmullrom"
						},
						"0.7083": [0, 0, 0]
					}
				},
				"glushka": {
					"position": {
						"0.4583": {
							"pre": [0, 0, 0],
							"post": [0, 0, 0],
							"lerp_mode": "catmullrom"
						},
						"0.5417": {
							"post": [-22, 0, 0],
							"lerp_mode": "catmullrom"
						},
						"0.7083": [0, 0, 0]
					}
				}
			},
			"sound_effects": {
				"0.0": {
					"effect": "spas_pump"
				}
			}
		}
	}
}