{
	"format_version": "1.8.0",
	"animations": {
		"animation.svd": {
			"loop": "hold_on_last_frame",
			"bones": {
				"leftArm": {
					"rotation": [63.17394, -18.87177, -161.97114],
					"position": [-5.25, -3.25, 9.75],
					"scale": [1, 1.1, 1]
				},
				"rightArm": {
					"rotation": [90, 0, 180],
					"position": [7, -0.5, -4]
				},
				"gun": {
					"rotation": [90, 1, 90],
					"position": [-1, -8, -7],
					"scale": [0.09, 0.1, 0.11]
				}
			}
		},
		"animation.svd_aim": {
			"loop": "hold_on_last_frame",
			"bones": {
				"leftArm": {
					"rotation": [36.34072, -14.39617, -164.29839],
					"position": [-7.36, -6.51, 10.75],
					"scale": [1, 1.1, 1]
				},
				"rightArm": {
					"rotation": [90, 0, 180],
					"position": [4, 0, -4]
				},
				"gun": {
					"rotation": [90, 1, 90],
					"position": [-1, -8, -7],
					"scale": [0.09, 0.1, 0.11]
				}
			}
		},
		"animation.svd_reload": {
			"loop": "hold_on_last_frame",
			"animation_length": 3.29167,
			"bones": {
				"leftArm": {
					"rotation": {
						"0.0": [63.17394, -18.87177, -161.97114],
						"0.2917": {
							"pre": [63.17394, -18.87177, -161.97114],
							"post": [63.17394, -18.87177, -161.97114],
							"lerp_mode": "catmullrom"
						},
						"0.4583": [90.67, -18.87, -161.97],
						"1.4167": [90.67, -18.87, -161.97],
						"1.5417": {
							"pre": [63.17394, -18.87177, -161.97114],
							"post": [63.17394, -18.87177, -161.97114],
							"lerp_mode": "catmullrom"
						},
						"1.7083": {
							"post": [63.17394, -18.87177, -161.97114],
							"lerp_mode": "catmullrom"
						},
						"1.875": {
							"post": [63.17394, -18.87177, -161.97114],
							"lerp_mode": "catmullrom"
						},
						"2.0": {
							"post": [75.67394, -18.87177, -161.97114],
							"lerp_mode": "catmullrom"
						},
						"2.0833": {
							"post": [65.67394, -18.87177, -161.97114],
							"lerp_mode": "catmullrom"
						},
						"2.9583": {
							"post": [65.67394, -18.87177, -161.97114],
							"lerp_mode": "catmullrom"
						},
						"3.125": [63.17394, -18.87177, -161.97114]
					},
					"position": {
						"0.0": [-5.25, -3.25, 9.75],
						"0.2917": {
							"pre": [-5.25, -3.25, 2.75],
							"post": [-5.25, -3.25, 2.75],
							"lerp_mode": "catmullrom"
						},
						"0.4583": [-5.25, -6.25, 3.75],
						"1.4167": [-5.25, -6.25, 3.75],
						"1.5417": {
							"pre": [-5.25, -3.25, 2.75],
							"post": [-5.25, -3.25, 2.75],
							"lerp_mode": "catmullrom"
						},
						"1.7083": {
							"post": [-5.25, -3.25, 2.75],
							"lerp_mode": "catmullrom"
						},
						"2.375": {
							"post": [-5.25, -3.25, 2.75],
							"lerp_mode": "catmullrom"
						},
						"2.5833": {
							"post": [-7.25, -0.5, 5],
							"lerp_mode": "catmullrom"
						},
						"2.7083": {
							"post": [-7.25, -0.5, 1],
							"lerp_mode": "catmullrom"
						},
						"2.9583": {
							"post": [-7.25, -0.5, 1],
							"lerp_mode": "catmullrom"
						},
						"3.125": [-5.25, -3.25, 9.75]
					},
					"scale": [1, 1.1, 1]
				},
				"rightArm": {
					"rotation": {
						"0.0": [90, 0, 180],
						"0.1667": {
							"pre": [82.5, 0, 180],
							"post": [82.5, 0, 180],
							"lerp_mode": "catmullrom"
						},
						"2.2917": {
							"post": [82.5, 0, 180],
							"lerp_mode": "catmullrom"
						},
						"2.5833": {
							"post": [82.52822, 0.65182, 184.95744],
							"lerp_mode": "catmullrom"
						},
						"3.0833": {
							"post": [82.52822, 0.65182, 184.95744],
							"lerp_mode": "catmullrom"
						},
						"3.25": [90, 0, 180]
					},
					"position": {
						"0.0": [7, -0.5, -4],
						"0.1667": {
							"pre": [7, -1.5, -4],
							"post": [7, -1.5, -4],
							"lerp_mode": "catmullrom"
						},
						"3.0833": {
							"post": [7, -1.5, -4],
							"lerp_mode": "catmullrom"
						},
						"3.25": [7, -0.5, -4]
					}
				},
				"gun": {
					"rotation": [90, 1, 90],
					"position": [-1, -8, -7],
					"scale": [0.09, 0.1, 0.11]
				},
				"glushka": {
					"position": {
						"2.625": [0, 0, 0],
						"2.75": [-34, 1, 0],
						"2.875": [0, 0, 0]
					}
				},
				"mag": {
					"rotation": [0, 0, 0],
					"position": {
						"0.0": [0, 0, 0],
						"0.2917": [0, 0, 0],
						"0.4583": [0, -80, 0],
						"1.4167": [0, -80, 0],
						"1.5417": [0, 0, 0],
						"1.7083": [0, 0, 0]
					}
				}
			},
			"sound_effects": {
				"0.0": {
					"effect": "svd_reload"
				}
			}
		},
		"animation.svd_shoot": {
			"animation_length": 0.375,
			"bones": {
				"body": {
					"rotation": {
						"0.0": [0, 0, 0],
						"0.0833": [7.5, 0, 0],
						"0.375": [0, 0, 0]
					},
					"position": {
						"0.0": [0, 0, 0],
						"0.0833": [0, 0, -2],
						"0.375": [0, 0, 0]
					}
				}
			}
		}
	}
}