{
	"format_version": "1.8.0",
	"animations": {
		"animation.svu": {
			"loop": "hold_on_last_frame",
			"bones": {
				"leftArm": {
					"rotation": [41.4377, -24.96916, -157.20216],
					"position": [-6.75, -5.75, 7.75],
					"scale": [1, 1.1, 1]
				},
				"rightArm": {
					"rotation": [90, 0, 180],
					"position": [7, -0.25, -1]
				},
				"gun": {
					"rotation": [90, 0, 90],
					"position": [-1, -7.5, -6.5],
					"scale": 0.09
				}
			}
		},
		"animation.svu_aim": {
			"loop": "hold_on_last_frame",
			"bones": {
				"leftArm": {
					"rotation": [36.34072, -14.39617, -164.29839],
					"position": [-7.36, -6.51, 6.75],
					"scale": [1, 1.1, 1]
				},
				"rightArm": {
					"rotation": [90, 0, 180],
					"position": [4, 0, -4]
				},
				"gun": {
					"rotation": [90, 0, 90],
					"position": [-1, -8.25, -7],
					"scale": [0.09, 0.1, 0.11]
				}
			}
		},
		"animation.svu_reload": {
			"loop": "hold_on_last_frame",
			"animation_length": 2.875,
			"bones": {
				"leftArm": {
					"rotation": {
						"0.0": [41.4377, -24.96916, -157.20216],
						"0.5": {
							"pre": [41.4377, -24.96916, -157.20216],
							"post": [41.4377, -24.96916, -157.20216],
							"lerp_mode": "catmullrom"
						},
						"0.7083": {
							"post": [93.9377, -24.96916, -157.20216],
							"lerp_mode": "catmullrom"
						},
						"1.25": {
							"post": [93.9377, -24.96916, -157.20216],
							"lerp_mode": "catmullrom"
						},
						"1.4167": {
							"post": [41.4377, -24.96916, -157.20216],
							"lerp_mode": "catmullrom"
						},
						"1.625": {
							"post": [51.4377, -24.96916, -157.20216],
							"lerp_mode": "catmullrom"
						},
						"1.75": {
							"post": [41.4377, -24.96916, -157.20216],
							"lerp_mode": "catmullrom"
						},
						"2.25": {
							"post": [41.4377, -24.96916, -157.20216],
							"lerp_mode": "catmullrom"
						},
						"2.5833": [41.4377, -24.96916, -157.20216]
					},
					"position": {
						"0.0": [-6.75, -5.75, 7.75],
						"0.5": {
							"pre": [-6.75, -5.75, -0.25],
							"post": [-6.75, -5.75, -0.25],
							"lerp_mode": "catmullrom"
						},
						"1.4167": {
							"post": [-6.75, -5.75, -0.25],
							"lerp_mode": "catmullrom"
						},
						"2.0833": {
							"post": [-9.06, -3.81, 2.75],
							"lerp_mode": "catmullrom"
						},
						"2.25": {
							"post": [-9.75, -3.25, 0],
							"lerp_mode": "catmullrom"
						},
						"2.5833": [-6.75, -5.75, 7.75]
					},
					"scale": [1, 1.1, 1]
				},
				"rightArm": {
					"rotation": {
						"0.0": [90, 0, 180],
						"0.375": {
							"pre": [82.52822, 0.65182, 184.95744],
							"post": [82.52822, 0.65182, 184.95744],
							"lerp_mode": "catmullrom"
						},
						"2.375": {
							"post": [82.52822, 0.65182, 184.95744],
							"lerp_mode": "catmullrom"
						},
						"2.5833": [90, 0, 180]
					},
					"position": {
						"0.0": [7, -0.25, -1],
						"0.375": {
							"pre": [9, 0.75, 3],
							"post": [9, 0.75, 3],
							"lerp_mode": "catmullrom"
						},
						"1.5": {
							"post": [9, 0.75, 3],
							"lerp_mode": "catmullrom"
						},
						"1.7917": {
							"post": [8, -0.25, 3],
							"lerp_mode": "catmullrom"
						},
						"2.375": {
							"post": [8, -0.25, 3],
							"lerp_mode": "catmullrom"
						},
						"2.5833": [7, -0.25, -1]
					}
				},
				"gun": {
					"rotation": {
						"0.0": [90, 0, 90],
						"0.375": [90, 0, 100],
						"2.375": [90, 0, 100],
						"2.5417": [90, 0, 90]
					},
					"position": {
						"0.0": [-1, -7.5, -6.5],
						"2.375": [-1, -7.5, -6.5],
						"2.5417": [-1, -7.5, -6.5]
					},
					"scale": 0.09
				},
				"glushka": {
					"position": {
						"2.0833": [0, 0, 0],
						"2.25": [-33, 0, 0],
						"2.375": [0, 0, 0]
					}
				},
				"mag": {
					"rotation": {
						"0.5": [0, 0, 0],
						"1.4167": [0, 0, 0]
					},
					"position": {
						"0.5": [0, 0, 0],
						"0.7083": [11, -99, 5],
						"1.25": [11, -99, 5],
						"1.4167": [0, 0, 0]
					}
				}
			},
			"sound_effects": {
				"0.0": {
					"effect": "svu_reload"
				}
			}
		},
		"animation.svu_shoot": {
			"loop": "hold_on_last_frame",
			"animation_length": 0.375,
			"bones": {
				"body": {
					"rotation": {
						"0.0": [0, 0, 0],
						"0.0833": [7.5, 0, 0],
						"0.375": [0, 0, 0]
					},
					"position": {
						"0.0": [0, 0, 0],
						"0.0833": [0, 0, -2],
						"0.375": [0, 0, 0]
					}
				}
			}
		}
	}
}