{
	"format_version": "1.8.0",
	"animations": {
		"animation.vintorez": {
			"loop": "hold_on_last_frame",
			"bones": {
				"leftArm": {
					"rotation": [36.34072, -14.39617, -164.29839],
					"position": [-4.25, -6.25, 10.75],
					"scale": [1, 1.1, 1]
				},
				"rightArm": {
					"rotation": [90, 0, 180],
					"position": [7, -0.5, -4]
				},
				"gun": {
					"rotation": [90, 0, 90],
					"position": [-1, -8.25, -7],
					"scale": [0.09, 0.1, 0.11]
				}
			}
		},
		"animation.vintorez_aim": {
			"loop": "hold_on_last_frame",
			"animation_length": 0.20833,
			"bones": {
				"leftArm": {
					"rotation": [36.34072, -14.39617, -164.29839],
					"position": [-7.36, -5.51, 10.75],
					"scale": [1, 1.1, 1]
				},
				"rightArm": {
					"rotation": [90, 0, 180],
					"position": [4, 0, -4]
				},
				"gun": {
					"rotation": [90, 0, 90],
					"position": [-1, -8.25, -7],
					"scale": [0.09, 0.1, 0.11]
				}
			}
		},
		"animation.vintorez_reload": {
			"loop": "hold_on_last_frame",
			"animation_length": 2.5,
			"bones": {
				"leftArm": {
					"rotation": {
						"0.0": [36.34072, -14.39617, -164.29839],
						"0.2083": [50.12287, 6.95347, -145.17515],
						"0.4583": [117.62287, 6.95347, -145.17515],
						"0.875": [117.62287, 6.95347, -145.17515],
						"1.1667": [50.12287, 6.95347, -145.17515],
						"1.3333": [32.62287, 6.95347, -145.17515],
						"2.0417": [32.62287, 6.95347, -145.17515],
						"2.2917": [36.34072, -14.39617, -164.29839]
					},
					"position": {
						"0.0": [-4.25, -6.25, 10.75],
						"0.2083": [-3.25, -5.25, 4.75],
						"1.1667": [-3.25, -5.25, 4.75],
						"1.3333": [-6.98, -3.8, 5.48],
						"1.625": [-5.73, -1.3, 9.48],
						"1.875": [-5.73, -1.3, 9.48],
						"1.9583": [-5.73, -2.3, 6.48],
						"2.0417": [-3.25, -5.25, 4.75],
						"2.2917": [-4.25, -6.25, 10.75]
					},
					"scale": [1, 1.1, 1]
				},
				"rightArm": {
					"rotation": {
						"0.0": [91.15209, -1.7579, 180.42944],
						"0.1667": [78.22638, 1.13305, 205.11892],
						"2.0417": [78.22638, 1.13305, 205.11892],
						"2.2917": [91.15209, -1.7579, 180.42944]
					},
					"position": {
						"0.0": [8, -0.5, -4],
						"0.1667": [7, -0.5, -2],
						"2.0417": [7, -0.5, -2],
						"2.2917": [8, -0.5, -4]
					}
				},
				"gun": {
					"rotation": [90, 0, 90],
					"position": [-1, -8.25, -7],
					"scale": [0.09, 0.1, 0.11]
				},
				"glushka": {
					"position": {
						"0.0": [0, 0, 0],
						"1.875": [0, 0, 0],
						"1.9583": [-39.25, 0, 0],
						"2.0417": [0, 0, 0]
					}
				},
				"mag": {
					"rotation": {
						"0.2083": [0, 0, 0],
						"0.4583": [0, 0, 32.5],
						"0.875": [0, 0, 32.5],
						"1.1667": [0, 0, 0]
					},
					"position": {
						"0.2083": [0, 0, 0],
						"0.4583": [36, -133, 13],
						"0.875": [36, -133, 13],
						"1.1667": [0, 0, 0]
					}
				}
			},
			"sound_effects": {
				"0.2083": {
					"effect": "vintorez_reload"
				}
			}
		},
		"animation.vintorez_shoot": {
			"loop": "hold_on_last_frame",
			"animation_length": 0.125,
			"bones": {
				"body": {
					"position": {
						"0.0": [0, 0, 0],
						"0.0417": [0, 0, -1],
						"0.125": [0, 0, 0]
					}
				}
			}
		}
	}
}