{
	"format_version": "1.8.0",
	"animations": {
		"animation.akm74u": {
			"loop": true,
			"bones": {
				"leftArm": {
					"rotation": [44.45276, 9.61949, -129.18247],
					"position": [-8.25, -6, 9.75],
					"scale": [1, 1.1, 1]
				},
				"rightArm": {
					"rotation": [90, 0, 180],
					"position": [7, -0.75, -2.5]
				},
				"gun": {
					"rotation": [90, -3.64576, 90],
					"position": [0, -8.75, -6.75],
					"scale": [0.09, 0.1, 0.11]
				},
				"body": {
					"rotation": ["math.cos(q.anim_time * 190) / 16", 0, 0]
				}
			}
		},
		"animation.akm74u_aim": {
			"loop": "hold_on_last_frame",
			"bones": {
				"leftArm": {
					"rotation": [44.45276, 9.61949, -129.18247],
					"position": [-10.25, -5.5, 9.75],
					"scale": [1, 1.1, 1]
				},
				"rightArm": {
					"rotation": [90, 0, 180],
					"position": [4.99, -0.5, -2.5]
				},
				"gun": {
					"rotation": [90, -0.64576, 90],
					"position": [0, -8.85, -7.275],
					"scale": [0.09, 0.1, 0.11]
				}
			}
		},
		"animation.akm74u_reload": {
			"loop": "hold_on_last_frame",
			"animation_length": 1.5417,
			"bones": {
				"leftArm": {
					"rotation": {
						"0.0": [44.45276, 9.61949, -129.18247],
						"0.2083": [50.12287, 6.95347, -145.17515],
						"0.4583": [117.62287, 6.95347, -145.17515],
						"0.6667": [117.62287, 6.95347, -145.17515],
						"0.875": [50.12287, 6.95347, -145.17515],
						"1.0": [32.62287, 6.95347, -145.17515],
						"1.1667": [24.07944, 20.94344, -173.24935],
						"1.2917": [24.07944, 20.94344, -173.24935],
						"1.4167": [32.62287, 6.95347, -145.17515],
						"1.5417": [44.45276, 9.61949, -129.18247]
					},
					"position": {
						"0.0": [-8.25, -6, 9.75],
						"0.2083": [-3.25, -5.25, 4.75],
						"0.875": [-3.25, -5.25, 4.75],
						"1.0": [-5.73, -9.3, 7.73],
						"1.1667": [0.24, -7.92, 10.93],
						"1.2917": [0.24, -7.92, 8.93],
						"1.4167": [-5.73, -9.3, 7.73],
						"1.5417": [-8.25, -6, 9.75]
					},
					"scale": [1, 1.1, 1]
				},
				"rightArm": {
					"rotation": {
						"0.0": [90, 0, 180],
						"0.1667": {
							"pre": [78.22638, 1.13305, 205.11892],
							"post": [78.22638, 1.13305, 205.11892],
							"lerp_mode": "catmullrom"
						},
						"0.875": {
							"post": [78.22638, 1.13305, 205.11892],
							"lerp_mode": "catmullrom"
						},
						"1.1667": {
							"post": [90, 0, 180],
							"lerp_mode": "catmullrom"
						},
						"1.5417": [90, 0, 180]
					},
					"position": {
						"0.0": [7, -0.75, -2.5],
						"0.1667": {
							"pre": [7, -0.5, -2],
							"post": [7, -0.5, -2],
							"lerp_mode": "catmullrom"
						},
						"0.875": {
							"post": [7, -0.5, -2],
							"lerp_mode": "catmullrom"
						},
						"1.1667": {
							"post": [7, -0.75, -2.5],
							"lerp_mode": "catmullrom"
						},
						"1.5417": [7, -0.75, -2.5]
					}
				},
				"gun": {
					"rotation": [90, -3.64576, 90],
					"position": [0, -8.75, -6.75],
					"scale": [0.09, 0.1, 0.11]
				},
				"glushka": {
					"position": {
						"1.1667": [0, 0, 0],
						"1.2917": [-24.75, -1.75, 0],
						"1.375": [0, 0, 0]
					}
				},
				"mag": {
					"rotation": {
						"0.2083": [0, 0, 0],
						"0.4583": {
							"pre": [0, 0, 32.5],
							"post": [0, 0, 32.5],
							"lerp_mode": "catmullrom"
						},
						"0.5833": {
							"post": [0, 0, 32.5],
							"lerp_mode": "catmullrom"
						},
						"0.875": [0, 0, 0]
					},
					"position": {
						"0.2083": [0, 0, 0],
						"0.4583": {
							"pre": [36, -133, 13],
							"post": [36, -133, 13],
							"lerp_mode": "catmullrom"
						},
						"0.5833": {
							"post": [36, -133, 13],
							"lerp_mode": "catmullrom"
						},
						"0.875": [0, 0, 0]
					}
				},
				"body": {
					"rotation": ["math.cos(q.anim_time * 190) / 16", 0, 0]
				}
			}
		},
		"animation.akm74u_shoot": {
			"loop": "hold_on_last_frame",
			"animation_length": 0.125,
			"bones": {
				"body": {
					"position": {
						"0.0": [0, 0, 0],
						"0.0417": [0, 0, -2],
						"0.125": [0, 0, 0]
					}
				},
				"glushka": {
					"position": {
						"0.0": [0, 0, 0],
						"0.0417": [-22.5, -1.75, 0],
						"0.125": [0, 0, 0]
					}
				}
			}
		},
		"animation.akm74u_draw": {
			"loop": "hold_on_last_frame",
			"animation_length": 0.5,
			"bones": {
				"body": {
					"rotation": {
						"0.0": [-59.21303, -23.33702, 42.62647],
						"0.3333": [0, 0, 0],
						"0.4167": [0, 0, 0],
						"0.5": [0, 0, 0]
					},
					"position": {
						"0.3333": [0, 0, 0],
						"0.4167": [-0.05, 0, -0.4],
						"0.5": [0, 0, 0]
					}
				}
			}
		}
	}
}