{
	"format_version": "1.8.0",
	"animations": {
		"animation.bm16": {
			"loop": "hold_on_last_frame",
			"bones": {
				"leftArm": {
					"rotation": [41.00244, -9.31072, -135.69681],
					"position": [-7.25, -5, 5]
				},
				"rightArm": {
					"rotation": [90, 0, 180],
					"position": [8, -0.5, -4]
				},
				"gun": {
					"rotation": [90, 0, 90],
					"position": [0, -8.25, -7],
					"scale": [0.09, 0.1, 0.11]
				}
			}
		},
		"animation.bm16_aim": {
			"loop": "hold_on_last_frame",
			"bones": {
				"leftArm": {
					"rotation": [41.00244, -9.31072, -135.69681],
					"position": [-11, -3.5, 5],
					"scale": [1, 1.1, 1]
				},
				"rightArm": {
					"rotation": [90, 0, 180],
					"position": [4, 1.75, -5]
				},
				"gun": {
					"rotation": [90, 0, 90],
					"position": [-1, -8.25, -7],
					"scale": [0.09, 0.1, 0.11]
				}
			}
		},
		"animation.bm16_reload": {
			"loop": "hold_on_last_frame",
			"animation_length": 2.2917,
			"bones": {
				"leftArm": {
					"rotation": {
						"0.0": [41.00244, -9.31072, -135.69681],
						"0.2917": [57.19302, -35.12586, -154.57559],
						"0.4167": [57.19302, -35.12586, -154.57559],
						"1.1667": [57.19302, -35.12586, -154.57559],
						"1.25": [59.69302, -35.12586, -154.57559],
						"1.3333": [57.19302, -35.12586, -154.57559],
						"1.7083": [57.19302, -35.12586, -154.57559],
						"1.7917": [59.69302, -35.12586, -154.57559],
						"1.875": [57.19302, -35.12586, -154.57559],
						"2.2917": [41.00244, -9.31072, -135.69681]
					},
					"position": {
						"0.0": [-7.25, -5, 5],
						"0.2917": [-8.92, -0.95, 2.6],
						"0.4167": [-8.92, -0.95, 2.6],
						"2.0417": [-8.92, -0.95, 2.6],
						"2.2917": [-7.25, -5, 5]
					}
				},
				"rightArm": {
					"rotation": [90, 0, 180],
					"position": {
						"0.0": [7, -0.5, -4],
						"0.2917": [7, -0.5, -3],
						"2.0417": [7, -0.5, -3],
						"2.2917": [7, -0.5, -4]
					}
				},
				"gun": {
					"rotation": [90, 0, 90],
					"position": [-1, -8.25, -7],
					"scale": [0.09, 0.1, 0.11]
				}
			},
			"sound_effects": {
				"0.0": {
					"effect": "toz34_reload"
				}
			}
		},
		"animation.bm16_shoot": {
			"loop": "hold_on_last_frame",
			"animation_length": 0.25,
			"bones": {
				"body": {
					"rotation": {
						"0.0": [0, 0, 0],
						"0.0417": [8, 0, 0],
						"0.0833": [8, 0, 0],
						"0.25": [0, 0, 0]
					},
					"position": {
						"0.0": [0, 0, 0],
						"0.0417": [0, 0, -2],
						"0.0833": [0, 0, -2],
						"0.25": [0, 0, 0]
					}
				}
			}
		},
		"animation.bm16_draw": {
			"loop": "hold_on_last_frame",
			"animation_length": 0.5833,
			"bones": {
				"body": {
					"rotation": {
						"0.0": [-59.21303, -23.33702, 42.62647],
						"0.4167": [0, 0, 0],
						"0.5": [0, 0, 0],
						"0.5833": [0, 0, 0]
					},
					"position": {
						"0.4167": [0, 0, 0],
						"0.5": [-0.05, 0, -0.4],
						"0.5833": [0, 0, 0]
					}
				}
			}
		}
	}
}