{
	"format_version": "1.8.0",
	"animations": {
		"animation.lr300": {
			"loop": "hold_on_last_frame",
			"bones": {
				"leftArm": {
					"rotation": [66.34072, -14.39617, -164.29839],
					"position": [-4.25, -3.25, 6.75],
					"scale": [1, 1.1, 1]
				},
				"rightArm": {
					"rotation": [90, 0, 180],
					"position": [7, -0.5, -4]
				},
				"gun": {
					"rotation": [90, 0, 90],
					"position": [-1, -8.25, -7],
					"scale": [0.09, 0.1, 0.11]
				}
			}
		},
		"animation.lr300_aim": {
			"loop": "hold_on_last_frame",
			"bones": {
				"leftArm": {
					"rotation": [36.34072, -14.39617, -164.29839],
					"position": [-7.36, -6.51, 9.5],
					"scale": [1, 1.1, 1]
				},
				"rightArm": {
					"rotation": [90, 0, 180],
					"position": [4, -0.25, -4]
				},
				"gun": {
					"rotation": [90, 0, 90],
					"position": [-1, -8.25, -7],
					"scale": [0.09, 0.1, 0.11]
				}
			}
		},
		"animation.lr300_reload": {
			"loop": "hold_on_last_frame",
			"animation_length": 1.75,
			"bones": {
				"leftArm": {
					"rotation": {
						"0.0": [66.34072, -14.39617, -164.29839],
						"0.2083": {
							"pre": [50.12287, 6.95347, -145.17515],
							"post": [50.12287, 6.95347, -145.17515],
							"lerp_mode": "catmullrom"
						},
						"0.4583": [117.62287, 6.95347, -145.17515],
						"0.875": [117.62287, 6.95347, -145.17515],
						"1.1667": {
							"pre": [50.12287, 6.95347, -145.17515],
							"post": [50.12287, 6.95347, -145.17515],
							"lerp_mode": "catmullrom"
						},
						"1.5417": {
							"post": [50.12287, 6.95347, -145.17515],
							"lerp_mode": "catmullrom"
						},
						"1.75": [66.34072, -14.39617, -164.29839]
					},
					"position": {
						"0.0": [-4.25, -3.25, 6.75],
						"0.2083": {
							"pre": [-3.25, -5.25, 4.75],
							"post": [-3.25, -5.25, 4.75],
							"lerp_mode": "catmullrom"
						},
						"1.1667": {
							"post": [-3.25, -5.25, 4.75],
							"lerp_mode": "catmullrom"
						},
						"1.5417": {
							"post": [-3.25, -5.25, 4.75],
							"lerp_mode": "catmullrom"
						},
						"1.75": [-4.25, -3.25, 6.75]
					},
					"scale": [1, 1.1, 1]
				},
				"rightArm": {
					"rotation": {
						"0.0": [90, 0, 180],
						"0.1667": {
							"pre": [78.22638, 1.13305, 205.11892],
							"post": [78.22638, 1.13305, 205.11892],
							"lerp_mode": "catmullrom"
						},
						"1.5833": {
							"post": [78.22638, 1.13305, 205.11892],
							"lerp_mode": "catmullrom"
						},
						"1.75": [90, 0, 180]
					},
					"position": {
						"0.0": [7, -0.5, -4],
						"0.1667": {
							"pre": [7, -0.5, -2],
							"post": [7, -0.5, -2],
							"lerp_mode": "catmullrom"
						},
						"1.5833": {
							"post": [7, -0.5, -2],
							"lerp_mode": "catmullrom"
						},
						"1.75": [7, -0.5, -4]
					}
				},
				"gun": {
					"rotation": [90, 0, 90],
					"position": [-1, -8.25, -7],
					"scale": [0.09, 0.1, 0.11]
				},
				"mag": {
					"rotation": {
						"0.2083": [0, 0, 0],
						"0.4583": [0, 0, 32.5],
						"0.875": [0, 0, 32.5],
						"1.125": [0, 0, 0]
					},
					"position": {
						"0.2083": [0, 0, 0],
						"0.2917": [28.5, -37.6, 4.34],
						"0.3333": [34.13, -58.2, 6.51],
						"0.375": [38.75, -78.39, 8.67],
						"0.4583": [45, -126, 13],
						"0.875": [45, -126, 13],
						"0.9583": [38.75, -78.39, 8.67],
						"1.0": [34.13, -58.2, 6.51],
						"1.0417": [28.5, -37.6, 4.34],
						"1.125": [0, 0, 0]
					}
				}
			},
			"sound_effects": {
				"0.2083": {
					"effect": "lr300_reload"
				}
			}
		},
		"animation.lr300_shoot": {
			"loop": "hold_on_last_frame",
			"animation_length": 0.125,
			"bones": {
				"body": {
					"position": {
						"0.0": [0, 0, 0],
						"0.0417": [0, 0, -2],
						"0.125": [0, 0, 0]
					}
				}
			}
		}
	}
}