{
	"format_version": "1.8.0",
	"animations": {
		"animation.toz34": {
			"loop": "hold_on_last_frame",
			"animation_length": 0.125,
			"bones": {
				"leftArm": {
					"rotation": [53.84072, -14.39617, -164.29839],
					"position": [-4.25, -5.25, 6],
					"scale": [1, 1.1, 1]
				},
				"rightArm": {
					"rotation": [50, 0, 180],
					"position": [7, -6, -3]
				},
				"gun": {
					"rotation": [90, -39, 90],
					"position": [-1, -11, -2.75],
					"scale": [0.1, 0.11, 0.11]
				}
			}
		},
		"animation.toz34_aim": {
			"loop": "hold_on_last_frame",
			"bones": {
				"leftArm": {
					"rotation": [54.72089, -8.30387, -168.76227],
					"position": [-6.5, -3.5, 5.75],
					"scale": [1, 1.1, 1]
				},
				"rightArm": {
					"rotation": [50, 0, 180],
					"position": [4, -4.375, -3]
				},
				"gun": {
					"rotation": [90, -39, 90],
					"position": [-1, -11, -2.75],
					"scale": [0.1, 0.11, 0.11]
				}
			}
		},
		"animation.toz34_reload": {
			"loop": "hold_on_last_frame",
			"animation_length": 3.58333,
			"bones": {
				"leftArm": {
					"rotation": {
						"0.0": [53.84072, -14.39617, -164.29839],
						"2.7083": [53.84072, -14.39617, -164.29839]
					},
					"position": {
						"0.0": [-4.25, -5.25, 6],
						"0.2917": [-4.25, -6.25, 1],
						"1.1667": [-4.25, -6.25, 1],
						"1.2917": [-4.25, -5.25, 1],
						"1.4167": [-4.25, -6.25, 1],
						"1.625": [-4.25, -6.25, 1],
						"1.75": [-4.25, -5.25, 1],
						"1.875": [-4.25, -6.25, 1],
						"2.5417": [-4.25, -6.25, 1],
						"2.7083": [-4.25, -5.25, 6]
					},
					"scale": {
						"0.0": [1, 1.1, 1],
						"2.7083": [1, 1.1, 1]
					}
				},
				"rightArm": {
					"rotation": {
						"0.0": [50, 0, 180],
						"0.25": [35, 0, 180],
						"2.5417": [35, 0, 180],
						"2.7083": [50, 0, 180]
					},
					"position": {
						"0.0": [7, -6, -3],
						"0.25": [7, -9, 1],
						"2.5417": [7, -9, 1],
						"2.7083": [7, -6, -3]
					}
				},
				"gun": {
					"rotation": [90, -39, 90],
					"position": [-1, -11, -2.75],
					"scale": [0.1, 0.11, 0.11]
				}
			},
			"sound_effects": {
				"0.0": {
					"effect": "toz34_reload"
				}
			}
		},
		"animation.toz34_shoot": {
			"animation_length": 0.125,
			"bones": {
				"body": {
					"rotation": {
						"0.0": [0, 0, 0],
						"0.0417": [7.5, 0, 0],
						"0.125": [0, 0, 0]
					},
					"position": {
						"0.0": [0, 0, 0],
						"0.0417": [0, 0, -2],
						"0.125": [0, 0, 0]
					}
				}
			}
		}
	}
}