{
	"format_version": "1.8.0",
	"animations": {
		"animation.winch": {
			"loop": "hold_on_last_frame",
			"bones": {
				"leftArm": {
					"rotation": [63.09004, -5.77887, -145.94525],
					"position": [-4.5, -3.5, 10.5],
					"scale": [1, 1.1, 1]
				},
				"rightArm": {
					"rotation": [90, 0, 180],
					"position": [7, -0.5, -4]
				},
				"gun": {
					"rotation": [90, 0, 90],
					"position": [-1, -8.25, -7],
					"scale": [0.09, 0.1, 0.11]
				}
			}
		},
		"animation.winch_aim": {
			"loop": "hold_on_last_frame",
			"bones": {
				"leftArm": {
					"rotation": [36.34072, -14.39617, -164.29839],
					"position": [-7.36, -5.51, 10.75],
					"scale": [1, 1.1, 1]
				},
				"rightArm": {
					"rotation": [90, 0, 180],
					"position": [4, 1, -4]
				},
				"gun": {
					"rotation": [90, 1, 90],
					"position": [-1, -8.25, -7],
					"scale": [0.09, 0.1, 0.11]
				}
			}
		},
		"animation.winch_reload": {
			"loop": "hold_on_last_frame",
			"animation_length": 3,
			"bones": {
				"leftArm": {
					"rotation": {
						"0.0": [63.09004, -5.77887, -145.94525],
						"0.2917": [16.46128, -28.74357, -151.4789],
						"0.5417": [16.46128, -28.74357, -151.4789],
						"0.625": [21.46128, -28.74357, -151.4789],
						"0.7083": [16.46128, -28.74357, -151.4789],
						"0.875": [16.46128, -28.74357, -151.4789],
						"0.9583": [21.46128, -28.74357, -151.4789],
						"1.0417": [16.46128, -28.74357, -151.4789],
						"1.2083": [16.46128, -28.74357, -151.4789],
						"1.2917": [21.46128, -28.74357, -151.4789],
						"1.375": [16.46128, -28.74357, -151.4789],
						"1.5417": [16.46128, -28.74357, -151.4789],
						"1.625": [21.46128, -28.74357, -151.4789],
						"1.7083": [16.46128, -28.74357, -151.4789],
						"1.875": [16.46128, -28.74357, -151.4789],
						"1.9583": [21.46128, -28.74357, -151.4789],
						"2.0417": [16.46128, -28.74357, -151.4789],
						"2.2083": [16.46128, -28.74357, -151.4789],
						"2.2917": [21.46128, -28.74357, -151.4789],
						"2.375": [16.46128, -28.74357, -151.4789],
						"2.5417": [16.46128, -28.74357, -151.4789],
						"2.625": [21.46128, -28.74357, -151.4789],
						"2.7083": [16.46128, -28.74357, -151.4789],
						"2.7917": [16.46128, -28.74357, -151.4789],
						"3.0": [63.09004, -5.77887, -145.94525]
					},
					"position": {
						"0.0": [-4.5, -3.5, 10.5],
						"0.2917": [-6.5, -3.5, 5.5],
						"2.7917": [-6.5, -3.5, 5.5],
						"3.0": [-4.5, -3.5, 10.5]
					},
					"scale": [1, 1.1, 1]
				},
				"rightArm": {
					"rotation": {
						"0.0": [90, 0, 180],
						"0.2917": [52.5, 0, 180],
						"2.7917": [52.5, 0, 180],
						"3.0": [90, 0, 180]
					},
					"position": {
						"0.0": [7, -0.5, -4],
						"0.2917": [7, -3.5, -2],
						"2.7917": [7, -3.5, -2],
						"3.0": [7, -0.5, -4]
					}
				},
				"gun": {
					"rotation": [90, 0, 90],
					"position": [-1, -8.25, -7],
					"scale": [0.09, 0.1, 0.11]
				}
			},
			"sound_effects": {
				"0.5417": {
					"effect": "winch_bullet"
				},
				"0.875": {
					"effect": "winch_bullet"
				},
				"1.2083": {
					"effect": "winch_bullet"
				},
				"1.5417": {
					"effect": "winch_bullet"
				},
				"1.875": {
					"effect": "winch_bullet"
				},
				"2.2083": {
					"effect": "winch_bullet"
				},
				"2.5417": {
					"effect": "winch_bullet"
				}
			}
		},
		"animation.winch_shoot": {
			"loop": "hold_on_last_frame",
			"animation_length": 0.70833,
			"bones": {
				"body": {
					"rotation": {
						"0.0": [0, 0, 0],
						"0.0417": [5, 0, 0],
						"0.1667": [0, 0, 0]
					},
					"position": {
						"0.0": [0, 0, 0],
						"0.0417": [0, 0, -1],
						"0.1667": [0, 0, 0]
					}
				},
				"leftArm": {
					"position": {
						"0.4583": {
							"pre": [0, 0, 0],
							"post": [0, 0, 0],
							"lerp_mode": "catmullrom"
						},
						"0.5417": {
							"post": [0, 0, -2],
							"lerp_mode": "catmullrom"
						},
						"0.7083": [0, 0, 0]
					}
				},
				"glushka": {
					"position": {
						"0.4583": {
							"pre": [0, 0, 0],
							"post": [0, 0, 0],
							"lerp_mode": "catmullrom"
						},
						"0.5417": {
							"post": [-22, 0, 0],
							"lerp_mode": "catmullrom"
						},
						"0.7083": [0, 0, 0]
					}
				}
			},
			"sound_effects": {
				"0.0": {
					"effect": "winch_pump"
				}
			}
		}
	}
}