{
	"format_version": "1.8.0",
	"animations": {
		"animation.player.first_person.base_pose": {
			"loop": true,
			"bones": {
				"body": {
					"rotation": ["query.target_x_rotation", "query.target_y_rotation", 0]
				},
				"head": {
					"scale": 0
				},
				"hat": {
					"scale": 0
				},
				"leftLeg": {
					"scale": 0
				},
				"rightLeg": {
					"scale": 0
				},
				"jacket": {
					"scale": 0
				},
				"rightSleeve": {
					"rotation": ["variable.is_first_person?0:0", "variable.is_first_person?0:0", "variable.is_first_person?0:0"],
					"position": ["variable.is_first_person?0:0", "variable.is_first_person?0:0", "variable.is_first_person?0:0"]
				}
			}
		},
		"animation.player.first_person.move": {
			"loop": true,
			"animation_length": 0.6667,
			"bones": {
				"rightArm": {
					"rotation": {
						"0.0": [0, 0, 0],
						"0.1667": [-15, 0, 0],
						"0.4167": [37.5, 0, 0],
						"0.6667": [0, 0, 0]
					},
					"position": {
						"0.1667": [0, 0, 0],
						"0.4167": [3, -3, 0],
						"0.6667": [0, 0, 0]
					}
				}
			}
		},
		"animation.player.first_person.sprint": {
			"loop": true,
			"animation_length": 0.5,
			"bones": {
				"rightArm": {
					"rotation": {
						"0.0": [0, 0, 0],
						"0.125": [-15, 0, 0],
						"0.3333": [37.5, 0, 0],
						"0.5": [0, 0, 0]
					},
					"position": {
						"0.125": [0, 0, 0],
						"0.3333": [3, -3, 0],
						"0.5": [0, 0, 0]
					}
				}
			}
		},
		"animation.vodka.using": {
			"loop": "hold_on_last_frame",
			"animation_length": 6,
			"bones": {
				"rightArm": {
					"rotation": {
						"0.0": [73.49904, -18.22832, 136.18414],
						"0.1667": [73.53717, 17.83243, 125.71921],
						"0.4167": [72.57286, 21.37115, 163.2121],
						"1.5417": [72.57286, 21.37115, 163.2121],
						"2.125": [0.10454, -4.2257, 134.44009],
						"4.6667": [0.10454, -4.2257, 134.44009],
						"5.0": {
							"pre": [72.57286, 21.37115, 163.2121],
							"post": [72.57286, 21.37115, 163.2121],
							"lerp_mode": "catmullrom"
						},
						"5.875": {
							"post": [72.57286, 21.37115, 163.2121],
							"lerp_mode": "catmullrom"
						},
						"6.0": [127.57286, 21.37115, 163.2121]
					},
					"position": {
						"0.0": [11.5, -7, 5],
						"0.4167": [11.5, -5, 4],
						"1.5417": [11.5, -5, 4],
						"2.125": [11.5, -5, 7],
						"4.6667": [11.5, -5, 7],
						"5.0": {
							"pre": [11.5, -5, 4],
							"post": [11.5, -5, 4],
							"lerp_mode": "catmullrom"
						},
						"5.875": {
							"post": [11.5, -5, 4],
							"lerp_mode": "catmullrom"
						}
					}
				},
				"leftArm": {
					"rotation": {
						"0.0": [75.98466, 15.73094, 231.45787],
						"0.4167": [34.53316, 34.83578, 242.96259],
						"0.5833": [34.53316, 34.83578, 242.96259],
						"0.7083": [32.03316, 34.83578, 242.96259],
						"0.8333": [34.53316, 34.83578, 242.96259],
						"0.9583": [32.03316, 34.83578, 242.96259],
						"1.125": [34.53316, 34.83578, 242.96259],
						"1.3333": [32.03316, 34.83578, 242.96259],
						"1.4167": [32.03316, 34.83578, 242.96259],
						"1.5833": [75.98466, 15.73094, 231.45787],
						"4.75": [75.98466, 15.73094, 231.45787],
						"5.0417": [4.87183, 5.93558, 199.84921],
						"5.5417": [4.72287, 7.3462, 177.2392],
						"5.75": [75.98466, 15.73094, 231.45787]
					},
					"position": {
						"0.0": [-10.85, -13.55, 5],
						"0.4167": [-9.85, -2.55, 6],
						"0.5833": [-9.85, -2.55, 6],
						"0.7083": [-10.85, -2.55, 6],
						"0.8333": [-9.85, -2.55, 6],
						"0.9583": [-10.85, -2.55, 6],
						"1.125": [-9.85, -2.55, 6],
						"1.3333": [-10.85, -2.55, 6],
						"1.4167": [-10.85, -2.55, 6],
						"1.5833": [-10.85, -13.55, 5],
						"4.75": [-10.85, -13.55, 5],
						"5.0417": [-10.85, -7.55, 2],
						"5.5417": [0.15, -6.55, 2],
						"5.75": [-10.85, -13.55, 5]
					}
				},
				"root": {
					"rotation": ["math.sin(q.life_time * 88) * 0.1", 0, 0]
				},
				"body": {
					"rotation": {
						"2.0417": [0, 0, 0],
						"2.0833": ["math.sin(q.life_time * 10) * 10", 0, 0],
						"4.6667": ["math.sin(q.life_time * 10) * 10", 0, 0],
						"4.7083": [0, 0, 0]
					}
				}
			}
		},
		"animation.vodka.using_attach": {
			"loop": "hold_on_last_frame",
			"animation_length": 6,
			"bones": {
				"vodkaTop": {
					"scale": {
						"1.2917": [1, 1, 1],
						"1.3333": [0, 0, 0]
					}
				}
			}
		}
	}
}