{
	"format_version": "1.8.0",
	"animations": {
		"animation.vodka.hold": {
			"loop": "hold_on_last_frame",
			"bones": {
				"rightArm": {
					"rotation": [85, -4, 153],
					"position": [12.5, -5, 4]
				},
				"leftArm": {
					"rotation": [45, -46, -140],
					"position": [-13.5, -8, 9]
				}
			}
		},
		"animation.vodka.using": {
			"loop": "hold_on_last_frame",
			"animation_length": 6,
			"bones": {
				"rightArm": {
					"rotation": {
						"0.0": [85, -4, 153],
						"0.1667": [73.53717, 17.83243, 125.71921],
						"0.4167": [72.57286, 21.37115, 163.2121],
						"1.5417": [72.57286, 21.37115, 163.2121],
						"2.125": [0.10454, -4.2257, 134.44009],
						"4.6667": [0.10454, -4.2257, 134.44009],
						"5.0": {
							"pre": [72.57286, 21.37115, 163.2121],
							"post": [72.57286, 21.37115, 163.2121],
							"lerp_mode": "catmullrom"
						},
						"5.875": {
							"post": [72.57286, 21.37115, 163.2121],
							"lerp_mode": "catmullrom"
						},
						"6.0": [127.57286, 21.37115, 163.2121]
					},
					"position": {
						"0.0": [12.5, -5, 4],
						"0.4167": [11.5, -5, 4],
						"1.5417": [11.5, -5, 4],
						"2.125": [11.5, -5, 9.75],
						"4.6667": [11.5, -5, 9.75],
						"5.0": {
							"pre": [11.5, -5, 4],
							"post": [11.5, -5, 4],
							"lerp_mode": "catmullrom"
						},
						"5.875": {
							"post": [11.5, -5, 4],
							"lerp_mode": "catmullrom"
						},
						"6.0": [11.5, -5, 4]
					}
				},
				"root": {
					"rotation": ["math.sin(q.life_time * 88) * 0.1", 0, 0]
				},
				"vodkaTop": {
					"scale": {
						"1.2917": [1, 1, 1],
						"1.3333": [0, 0, 0]
					}
				},
				"leftArm": {
					"rotation": {
						"0.0": [45, -46, -140],
						"0.4167": [23.36396, 19.58896, -128.38835],
						"0.5833": [23.36396, 19.58896, -128.38835],
						"0.7083": [25.86396, 19.58896, -128.38835],
						"0.8333": [23.36396, 19.58896, -128.38835],
						"0.9583": [25.86396, 19.58896, -128.38835],
						"1.125": [25.86396, 19.58896, -128.38835],
						"1.3333": [23.36396, 19.58896, -128.38835],
						"1.4167": [23.36396, 19.58896, -128.38835],
						"1.5833": [45, -46, -140],
						"4.75": [45, -46, -140],
						"5.0417": [4.87183, 5.93558, 199.84921],
						"5.5417": [4.72287, 7.3462, 177.2392],
						"5.75": [75.98466, 15.73094, 231.45787]
					},
					"position": {
						"0.0": [-13.5, -8, 9],
						"0.4167": [-10, -2.75, 6.75],
						"0.5833": [-10, -2.75, 6.75],
						"0.7083": [-10, -2.75, 6.75],
						"0.8333": [-10, -2.75, 6.75],
						"0.9583": [-10, -2.75, 6.75],
						"1.125": [-10, -2.75, 6.75],
						"1.3333": [-10, -2.75, 6.75],
						"1.4167": [-10, -2.75, 6.75],
						"1.5833": [-13.5, -8, 9],
						"4.75": [-13.5, -8, 9],
						"5.0417": [-10.85, -7.55, 2],
						"5.5417": [0.15, -6.55, 2],
						"5.75": [-10.85, -13.55, 5]
					}
				}
			}
		},
		"animation.vodka.draw": {
			"loop": "hold_on_last_frame",
			"animation_length": 0.3333,
			"bones": {
				"rightArm": {
					"rotation": {
						"0.0": [65, 0, 0],
						"0.2083": [-5, 0, 0],
						"0.2917": [0, 0, 0]
					}
				},
				"leftArm": {
					"rotation": {
						"0.0": [60, 0, 0],
						"0.2083": [-17.5, 0, 0],
						"0.3333": [0, 0, 0]
					}
				}
			}
		}
	}
}